2020. 9. 9. 18:46,아티장 베이커리 한옥빵집,"
                    입구에서 빵을 사서 한옥 마루든 정자든 마음에 드는 자리에 앉아서 먹으면 된다. 
실내에도 방석에 앉는 자리가 있지만 입구 빵파는 곳에 카페가 함께 있어서 그곳의 의자에 앉아서 먹어도 된다. 
 

한옥 마당 정자다. 옹기종기 모여서 얘기를 나누며 마시기 좋다. 
바깥 분위기가 좋다.

저기 소나무가 보인다. 그림으로 그려보고 싶다.
 

빵을 포장하느라 사진을 찍지 못했다. 피자같이 생긴 이 빵만 먹다보니 사진이 이것 뿐이다. ㅠㅠ 
대체로 가격이 조금 있지만 맛은 좋았다. 
                                                            
                    
					
                    
    
        

    window.ReactionButtonType = 'reaction';
    window.ReactionApiUrl = '//blog.daum.net/hojung8678/reaction';
    window.ReactionReqBody = {
        entryId: 45    }

좋아요1

        
    
        공유하기
    

                
    글 요소

    
        
    
        
            저작자표시비영리변경금지        
    

    <!--

    
        
    
    
        
        
        
        
                        
            

-->

                    
                ","['분위기 있네요. ^^', '다음에 할머니 할아버지 모시고 꼭 가 보고 싶네요^^']"
2020. 1. 2. 08:04,확실하게 쉬고! 화끈하게 놀기! 플레이스 캠프 제주,,
2014. 7. 8. 23:32,우유 달걀 알러지 아이 음식 간식 - 비건 가공식품. ,"
                    
 

 

 

 

 

 

 
우유 달걀, 견과류 성분 없는 가공식품들. 
어린이집에서 다른 친구들 먹는 것 구경하지 않게 하려 최대한 비슷한 것으로 찾아보고 있다. 
 
 
1. 켄터 후레이크. 비건 씨리얼. 해바라기씨 레시틴 성분. 한살림 검은콩 두유와 함께 먹으면 고소하고 좋다. 
 
2. 아미카 칩스. 너무 짜다. =_= 어른들 먹으며 부스러기 떨어지는 것에 스트레스 덜 받는다는 장점. 아이는 짜서 엄청 좋아하지만, 짜서 거의 안 준다. 
 
3-4. 유기농 블루베리 비스킷. 잼 들어있다. 사과잼파이 맛. 달아서 애가 엄청 좋아한다. 달아서 잘 안 준다. -_-;; 유기농 무슨 법 변경 이슈로 한동안 통관이 안 되는 것 같았음. 
 
5. 스무즈. 코코넛 밀크로 만든 아이스크림. 우유 성분 없다. 코코넛 초록색이 젤 맛있으나 젤 적게 들어있다. 망고, 구아바 섞인 건 내 취향 아니지만 애는 잘 먹는다. 실온 상태로 오고, 흔들어 얼리면 더위사냥 같은 느낌으로 껍질 벗겨 먹을 수 있다. 
- 빨라조 델 프레도 체인 제품 중 파인애플, 딸기? 복분자 가능. 제품별 성분표 확인 가능. 
- 소 딜리셔스도 당분간 수입 안 되는 것 같은데, 여기 아이스크림도 일부 견과류 없다. 
- 러빙헛에서 스쿱으로 파는 아이스크림도 견과류 없는 것 있음. 
 
6. Carr's original table water
- 참크레커 맛. 밀가루 소금 등만 들어있음. 우유 달걀 없음. 가끔 주는데, 아이가 바삭바삭한 과자라고 말한다. ^^ 
 
7. Crispy fruit muesli
- 덴마크 제품으로 말린 사과 딸기 조각이 들어있는 귀리 프레이크. 씨리얼 먹이기 좋다~ 
 
8. 소세지, 패티 류 
- 한살림 소세지, 어묵 대부분 가능. 떡갈비나 씨리얼은 우유와 같은 시설에서 제조하므로 안됨. 
- 두레생협의 떡갈비류 가능. 짜서-_- 잘 주지는 않음. 
- 러빙헛 콩까스는 땅콩 성분 있어서 안됨. 
 
 
9. 사진은 없지만, 천연발효빵 파는 가게 제품 중 1/2 정도 가능하다. 기본 우유 달걀 안 쓰는 가게들은 많은데, 대부분 치즈/견과류는 병행해서 쓴다. 그래서 현장에서 썰지 말라고 하고 -_- 집에서 썬다. 칼에 치즈 등이 묻어 있을 것 같아서다. 
- 이태원 오월의 종 : 말린 과일 들어 있는 빵류가 괜찮다. 견과류, 치즈는 점원한테 물어보면 골라준다. 올리브 치아바타였나...가 맛있었다. 
- 한남동 아티장 베이커리 : 플레인 치아바타, 바게트, 단호박 치아바타 가능. 단호박 치아바타 맛있다!
- 강남/송파 쪽에 지점이 있는 브레드미 : 고구마 식빵, 블루베리 식빵이 부드럽고 쫄깃했다. 
- 판교 브로테나인 : 멕시코 호떡 코요타를 판다. 바게트 류의 담백한 빵이 좋다. 
- 생일 케이크는 러빙헛 만세. 첨가물 이슈 있다지만... 시판 케이크 더 그런걸. 다크기리쉬는 진짜 맛있음. 식빵류는 견과류 없어 종종 사다 온 가족이 같이 먹음. 
- 이태원 플랜트 : 천연발효 아니고, 비건 베이킹을 하는 어른용 가게임. 맛있고 달다. 아이에게 자주 주기는 무리. ㅜㅜ 생일 때 케이크 사기는 좋을듯. 내 취향의 소이라떼 맛있었다. 
- 이태원 하이 스트리트 마켓 : 외국 음식 파는 마켓. 비건 제품들 있다는데, 아이 먹을만한 건 영국 테이블 크래커 한 종류 정도 살만함. 
 
기타 한남동 악소 등도 있음.
                                                            
                    
					
                    
    
        

    window.ReactionButtonType = 'reaction';
    window.ReactionApiUrl = '//blog.daum.net/dongyu48/reaction';
    window.ReactionReqBody = {
        entryId: 12382343    }

좋아요공감

        
    
        공유하기
    

                
    글 요소

    
        
    
        
                    
    

    <!--

    
        
    
    
        
        
        
        
                    

-->

                    
                ",['비밀글입니다.']
2015. 4. 17. 10:26,봄날 맛있는 여행 미술관 옆 디저트 (4),"
                     
한남동 우사단 길

‘이태원이 뜬다’는 말은 이제 식상하게 들릴 정도지만, 그럼에도 불구하고 그 끝을 모르는 채 계속 넓어져가는 이태원 상권. 복잡하고 정신없는 이태원 메인 거리와는 다르게 여유가 흘러넘치는 한남동 지역은 리움을 비롯한 크고 작은 미술관과 속속 들어서는 유명 레스토랑으로 그 세력을 더해가고 있다. 이태원 상권의 가장 큰 매력은 고급문화부터 키치한 문화까지 모두 즐길 수 있는 것. 한남동과 대비되는 키치한 매력으로 가득 찬 우사단로는 또 다른 즐거움을 안겨준다.

	.type-gallery.view .subtitle {
font-size: 15px;
color: #999;
text-align: center;
}

 

최근 가장 뜨거운 문화 스폿 &gt; 한남동 우사단 길






4월의 전시해규 작가의 ‘코끼리를 쏘다 코끼리를 생각하다’일상의 다양한 오브제를 통해 정치, 역사, 문화 관련 인물과 사건을 공감각적 추상 언어로 형상화하는 작업을 줄곧 해온 양해규 작가. 이번 전시 ‘코끼리를 쏘다 코끼리를 생각하다’에서는 조지 오웰의 수필 &lt;코끼리를 쏘다&gt;와 로맹 가리의 소설 &lt;하늘의 뿌리&gt;에 공통적으로 등장하는 코끼리를 매개로 삼아 자연과 인간의 존엄성에 대한 사유와 상상을 펼쳐낸다. 2월 21일부터 5월 10일까지 관내 삼성아동교육문화센터에서 만나볼 수 있다.



리움

한국 미술과 외국 미술이 함께 숨 쉴 수 있는 세계를 향해 열린 문화예술 공간을 지향하는 삼성미술관 리움. 우리나라 고미술품 전시관과 근·현대미술품 전시관이 따로 분리되어 있는 점이 독특하다. 리움의 건물 자체도 하나의 예술품인데 흙과 불을 상징하는 테라코타 벽돌로는 우리나라 도자기의 아름다움을 형상화한 한국 고유의 미를, 스테인리스스틸과 유리로는 현대미술의 감각을 전달한다. 


주소 서울 용산구 이태원로55길 60-16 문의 02-2014-6900






4월의 전시‘빠키’의 시각예술‘빠빠빠 탐구소’라는 1인 스튜디오를 운영하며 젊은 층에게 인기를 끌고 있는 시각예술가 빠키가 입체설치, 공간, 영상, 인터랙티브 미디어를 활용한 시각예술을 선보인다. 3월 21일부터 4월 19일까지. 

구슬모아 당구장

대림미술관의 프로젝트 스페이스인 구슬모아 당구장은 그야말로 당구장이었던 낡은 공간을 개조해 젊은 작가들의 실험적인 전시를 적극 유치하며 ‘작지만 강한’ 파장을 일으키고 있다. 2015년에는 누구보다 독창적인 실험정신으로 강력한 즐거움을 선사할 8팀의 전시가 준비되어 있다. 


주소 서울 용산구 독서당로 73-4 문의 02-3785-0667






1 ‘아티장베이커리’의 통밀샤워도우 문의 02-749-34262 ‘살람베이커리’의 바클라바 문의 02-749-43233 ‘케르반베이커리’의 터키시젤리 문의 02-790-5585 4 ‘르와지르’의 생딸기화이트생토노레





르와지르

한남동의 한적한 주택가에 자리 잡은 프랑스와 일본식 케이크와 티 부티크 카페. 주택을 개조한 르와지르의 1층은 베이킹과 홍차 클래스가 이루어지는 공방 겸 매일 생산하는 디저트가 완성되는 키친이다. 카페에 들어서면 테이블마다 꽃이 놓여 있고 종이로 만든 모빌이 매달려 있어 산뜻한 기운이 감돈다. 느리게 흘러가는 시간을 만끽하고 싶다면 햇살 좋은 날 테라스에 앉아 티와 디저트를 즐겨보자. 


메뉴 애프터눈티세트 2인 5만 2천원, 생딸기화이트생토노레 9천 7백원영업시간 11:00~23:00 주소 서울 용산구 이태원로55나길 7 문의 02-749-1128



이렇게나 낡은 골목에 모여든 젊은이들, 우사단로 산책

서울에서 가장 이국적인 풍경이라 해도 과언이 아닌 이슬람사원을 지나 골목을 오르면 터키 케밥, 이슬람식 할랄(Halal) 푸드를 파는 이국적인 작은 레스토랑이 줄지어 있다. 낯선 풍경에 지레 겁먹지 말고 더 걷다 보면 도깨비시장이 나온다. 한눈에 보아도 낙후된 달동네인 이곳에 높은 임대료에 치여 새로운 공간을 찾는 젊은 예술가들이 모여들며 변화는 시작되었다. 




1 산책에 지쳤을 때쯤 나타나는 로스터리 카페 ‘챔프커피’는 한 줄기 오아시스와도 같다. 커피 마니아들이 사랑하는 곳인 만큼 커피 맛도 보장한다. 아이스 아메리카노 하나 들고 가게 앞 평상에 앉아 맞는 시원한 바람이 달다.2 킨포크 표지에 나온 그 느낌 그대로, 아이스크림콘 모양의 종이에 모조 꽃을 올려 시선을 사로잡는 스타일지음. 주문제작 꽃 장식으로 유명한 젊은 플로리스트들의 잔꾀가 엿보인다.

낡은 골목과 주택 사이사이로 내려다보이는 서울의 풍경, 정신없는 전선 위로 드러난 새파란 하늘 아래 키치한 장난감을 파는 가게에 타투 숍, ‘킨포크 스타일’의 모조 꽃다발을 파는 꽃가게와 낮술을 즐길 수 있는 펍이 줄지어 있다. 아기자기한 풍경에 정신 팔려 걷다 생활의 때가 묻어나는 지저분한 건물을 보자면 꿈은 드높고 취향은 세련되어졌지만 현실은 궁핍한, 우리 젊은 세대의 모습을 마주하는 것 같아 씁쓸해지기도 한다. 그래도 발가벗겨졌기에 외려 현실을 정직하게 직시할 가능성의 장이기도 하다.




3 우사단로를 관통하는 도깨비시장. 오래된 동네 골목 시장의 모습을 그대로 간직하고 있다.4 이태원 일대의 터키 베이커리 중 가장 명성 높은 ‘살람베이커리’는 바클라바 등 디저트는 물론 터키식 바게트인 ‘에크멕’으로 유명하다.






1 ‘피에’의 마카롱 문의 02-6212-02192 ‘패션파이브’의 로마의 휴일 문의 02-2071-95053 ‘패션파이브’의 사각딸기바람 문의 02-2071-95054 ‘글래머러스펭귄’의 스모어케이크 문의 02-790-7178





.type-gallery.view .pic-box-three .left{
float: left;
border: 0px solid #dadada;
width: 259px;
}
.type-gallery.view .pic-box-three .right {
float: right;
border: 0px solid #dadada;
width: 259px;
}
.type-gallery.view .pic-box-two .picture img {
	width: 260px;
}


.art_decoB{width:auto;}
.art_decoB1{float:left;width:50%;}
.art_decoB2{float:left;width:50%;}

.art_decoC{border:0px solid;height:auto;}
.art_decoC1{float:left;}
.art_decoC2{}

.art_deco img{max-width:520px; }



 


기획 / 강윤희, 김은희(B) 기자 사진 / 강태희, 김나윤 일러스트 / 소윤 디자인 / 이혜수               에쎈|2015년 04월호
							
								
								
								
								
								
							
						
 -->

                                                            
                    
					
                    
    
        

    window.ReactionButtonType = 'reaction';
    window.ReactionApiUrl = '//blog.daum.net/ye_jean/reaction';
    window.ReactionReqBody = {
        entryId: 16130650    }

좋아요공감

        
    
        공유하기
    

                
    글 요소

    
        
    
        
            저작자표시비영리변경금지        
    

    <!--

    
        
    
    
        
        
        
        
                        
            

-->

                    
                ",
2019. 9. 20. 22:00,동명동 베이커리 보는재미 먹는 즐거움,"
                    매장에 들어가는 순간, 빵 냄새가 진동하는 빵집도 굉장히 많았습니다.""광주 동명동 카페의 빵집 아티장폰은 건강하고 특별한 재료를 사용하며, 프랑스의 전통 글래드를 살려 빵을 만드는 것으로 유명합니다.프랑스산 고메버터를 사용해 만든 버터프레첼도 이곳의 대표빵입니다. 천연효묘종 자연발효시켜 만든 빵도 유명하대요.2018년 10월에는 광주 국제 식품전에 선까지 과연 광주에서는 유명한 광주 빵집오늘 빵쇼핑을 시작해볼까!! 먼저 피자빵을 먹고 싶었는데 미니바겟 하나 따서 정말 반짝이는 브라우니쵸코와 입이 꽉 찼어요.빵만 판매하는 게 아니라 특별한 재료 크리스털 슈거도 판매했어요.상큼한 수제 레몬티를 달게 해 주는 크리스털 슈가퓨어 켄 슈가를 원료로 한 순수한 형태의 설탕 스틱이라고 합니다.차밭도 유명한 곳인 올리브유와 발사믹도 따로 판매해서 건강한 빵을 맛 볼수 있거든요~친구에게 같은 기간이라니 빵을 몇 개 추천해 주던데요.그 중 하나였던 허니 카스텔라일을 바로 가지 않으면 소진이 빨라지니까 가면 꼭 사먹으래요.그 외에도 치어리버터, 아바타 샌드위치, 버터프레첼 샤우드 빵이나 에그타르트 등도 추천했습니다.다행히 평일에 일찍 갔기 때문에 친구가 말해준 종류가 다 있어!!냉장고 진열장에는 차가워야 맛있는 빵도 있습니다.버터프레첼은 없다고 생각했는데, 직원 분께 말씀하시면 냉장고에서 따로 내 주셨어요.에구타루트의 맛있는 곳은 정말 맛있습니다.여태껏 굳이 돈을 주고 에그타르트를 왜 사먹으라는 생각을 가지고 있었는데, 요즘은 정말 맛있었어요.4개 구입 시 에그 타르트 전용 박스에 넣어 주면 포장시에 꼭 하세요!!스콘을 좋아해서 스콘은 필수로 샀습니다.준우도 좋아할 만한 베스트 메뉴베리 콘!!아몬드 크로와산의 겉과 안쪽에 아몬드 크림이 들어가 있는데, 향긋한 맛이 있어서 맛있어 보이네요.요즘 스콘은 눅눅하지 않아서 촉촉하게 먹기에 아주 좋았습니다.100프랑스 버터를 사용하여 블루베리, 크랜베리를 듬뿍 넣고 만들었습니다역시 일찍 왔으면 좋았을텐데 빵이 많아서 뭘 사야할지 정말 고민입니다.마음이 같다면...다 먹고싶어. 정말 빵은 정말 사랑스러워요.블루베리를 아주 좋아하고, 과자, 음료, 빵에 블루베리, 잼이 들어 있으면 정말 잘 먹습니다. 그래서 벨리토크도 샀어요. 그리고 브레첼도 샀어요.작년 신혼여행 때 역에서 배가고파서 사먹었던 체코의 브레첼이 정말 맛있었는데, 그걸 생각나서 하나 땄어요.아티장폰 유명한 빵은 또 있어요. 바로 치아바타 샌드위치와 세탁 카레입니다. 세탁 카레는 꼭 드셔보세요.초콜릿이 너무 맛있어서, 이건 특별히 먹고 싶었어요.광주 동명동 카페의 커피와 잘 어울리는 샤워드 종류도 다양하지만 클래식, 호두크랭베리, 올리브 치즈이어를 먹으려고 멀리서 많이 와서 몇개씩 사간다고 합니다.광주 동명동 카페의 음료, 커피의 종류는 아메리카노, 카페라테, 바닐라테, 돌체라테의 종류는 자몬티, 유기농 오리마일유 기능 블루베리 히비스커스, 레몬티아몬에이드, 스제레몬에이드, 초코테그린 티라테, 스팀우유란빵도 맛있겠지요.2층에 오라 가니의 분위기가 너무 좋더라구요. 날씨가 좋고 창문을 모두 열어 두었으니 솔솔 바람도 불어 보고 조용하고 분위기도 매우 좋았습니다.시간만 많으면.기서하고 맛있는 빵과 커피를 마시며 시간을 내도 되네요.빵을 파는 빵집이 없어 브런치를 즐길 수 있던 광주 동명동 카페 이제 본인이 원하는 맛있는 빵을 사고2층으로 올라가서 즐기세요!!광주 전 지역의 퀵배송이 가능합니다.위치에 따라 배송비가 다르지만, 어디서나 이미 맛있는 빵을 주문해서 먹을 수 있어요.아주 좋아했던 블루베리 잼 가득 표는 까삭 속은, 촉촉하고 달콤해서 제가 먹어봐도 아주 맛있어요.이건 꼭!!! 아, 이거 더 사러 다시 가려고요.정말 맛있어요. 완전히 내 스타일이야!!!쫄깃쫄깃하면서 꼬치와 시큼하고 시원해서 역시 나는 프레첼을 정말 좋아해.요즘 정말 전체적으로 다 맛있네.블루베리만 ""조오"" 뺏어먹었던 녀석 ""스콘베스트""인 이유가 있습니다.오늘 산 빵은 모두 굿초이스 친구에게 물어봐서 좋았어.에그타르트도 정말 맛있었어요.부드러운 크림이 기름지고도 심하고 달지도 않은 그동안 제가 먹어 본 것 중에 1순위!!쫄깃쫄깃한 치아밭에 햄, 치즈, 토마토, 야채등 하면 한끼 식사라도 좋습니다.
                                                            
                    
					
                    
    
        

    window.ReactionButtonType = 'reaction';
    window.ReactionApiUrl = '//blog.daum.net/tll50901/reaction';
    window.ReactionReqBody = {
        entryId: 55    }

좋아요공감

        
    
        공유하기
    

                
    글 요소

    
        
    
        
            저작자표시비영리변경금지        
    

    <!--

    
        
    
    
        
        
        
        
                        
            

-->

                    
                ",['온라인마케터 광고주 모집시간 활용에 좋습니다! http://hello-b.kr/372489헬로우드림 마케터 번호 : 372489 http://blog.naver.com/kohe9 대원출판사 http://www.daewon-book.com잘하셨어요감사감사 드려요보고 갑니다수고 많으신 작업 일 꼭 건강 맘 챙기세요 http://sslife.kr/kohe3478 http://www.ondollife.co.kr https://ondollife.blog.me광남 대리점 이경배 KIA MOTORS  H.P.010-9321-2978 https://01093212978.tistory.comhttps://place.map.kakao.com/11192533 영신당https://place.map.kakao.com/231685110 해원당제가 하는 부업과 지인 분들의 업체를 모아봤습니다!필요를 느끼시거나 관심이 계시면 들러주세요!']
2015. 11. 11. 21:30,수요미식회 빵 홍대/상수역 쿄베이커리,"
                    
 
 
 
이번 주 수요미식회의 주제는 빵입니다.
제가 방영을 예상하는 빵 맛집은 홍대 상수역인근의 쿄베이커리입니다.
 
 
 

 

 
테이크 아웃 손님이 많은 빵집이 전용주차장을 가진 것은 아주 큰 장점이겠죠?
 
 
 



 

 
원래는 사진을 찍을 수 없지만 
4시쯤 된 시각, 손님이 전혀 없는 한가한 시각이라 흔쾌히 허락해주셨습니다.
 
 
 

 

 

 

 

 

 

 

 

 

 
각각의 빵 종류에 따라 나오는 시간을 일목요연하게 게시한 것은 참 좋은 일입니다.
각자 좋아하는 빵이 나올 때를 알면 최적의 시간에 최고의 상태로 즐길 수 있겠죠.
 
 
 

 
아티장 브레드로 유명한 베이커리 카페......
제 이해가 제대로라면 아티장(artisan)은 장인이라는 뜻이니, 장인의 빵이라는 것인데
과연 쿄베이커리의 빵이 장인의 명성에 합당한 것인지 무척 궁금해집니다.
 
 
 

 
와인을 구비한 빵집은 처음 보는 것 같네요.
그것도 상당히 저렴한 와인이라서 좋습니다. 마리아주는 오너께서 미리 실험을 거쳐 정하신 것일 데고.....
 
 
 

 

 
오너셰프께서 추천하시는 것들은 먹어줘야죠. 왼쪽이 명란바게뜨, 연유바게뜨,
오른쪽은 위로부터 치즈치아바타, 메론빵, 하얀슈입니다.
 
 
 

 

 

 
오징어먹물을 사용한 바게뜨에 연유크림을 넣엇습니다.
오징어먹물 때문인지 바게뜨가 전혀 딱딱하지 않고 부드럽습니다.
하지만 살짝 질긴 감이 있는 것과 바삭함이 거의 없는 것은 아쉽스니다.
연유크림은 아마도 슈크림에 연유를 섞은 듯한데 아주 달달하니 맛있습니다.
여성분들이 특히 좋아할 달고 부드러운 맛이네요.
 
 
 
 

 

 

 
빵에 슈크림을 넣은 건가요? 그래서 하얀슈겠죠?
그림치즈에 더 가까운 느낌인데, 어쨌든 저는 일반적인 슈크림이 더 맛있습니다.
나쁘지는 않지만 빵의 질감이 슈크림의 말할 수 없이 부드러운 느낌과 그렇게 잘 어울리지는 않는 것 같습니다.
 
 
 
 

 

 
메론빵인데, 메론의 맛도 나고 묘한 새콤함도 있습니다. 맛있네요. 
 
 
 
 
명란바게뜨.

 

 
일단 바로 먹지 않고 집으로 가져 온 것이 실수였습니다. 바게뜨가 많이 눅눅해졌습니다. 
사실 카레틱한 맛이 첨가된 것도 마음에 별로 들지 않으니 눅눅하지 않아도 제가 좋아할 맛은 아니네요.
명란의 풍미도 약하고, 짜지는 않앗지만 살짝 비린 맛도 나는 것 같았습니다.
 
 
 
치즈치아바타.

 

 


부드럽고 쫄깃한 텍스쳐도 마음에 들고, 은은한 치즈의 풍미도 좋았습니다.
집으로 가져온 빵 중에는 치아바타가 가장 마음에 드는군요.
 
 
아기자기한 일본식베이커리로 많은 사랑을 받고있는 쿄베이커리,
2008년에 오픈해서 홍대의 치열한 경쟁에서 멋지게 살아남았을 뿐만 아니라,
많은 사람들이 홍대4대빵집(이런 거 이제 그만 좀 하면 안 되나요?)의 하나로 꼽는 작지만 강한 베이커리죠.
연유바게뜨, 치즈치아바타, 메론빵 등은 꽤 개성도 있고 맛있는 빵이었습니다.
하지만 제가 먹은 것만으로, 그리고 지극히 주관적인 입맛으로 판단해 불 때,
빵의 질감(바삭하지 안은 바게뜨), 재료 사이의 조화(빵과 슈크림), 복합적인 맛의 완성도(명란과 카레맛) 등을 고려하면,
장인의 빵, 즉 아티장 브레드로 불리기에는 아직은 부족하지 않나 합니다.
앞으로 계속 나아져서 저같이 무지한 사람들에게도 아티장 브레드로 확실히 인정받을 수 있게 되기를 바랍니다.
 
 
쿄베이커리
02-794-5090
서울 마포구 독막로 65-1
지번: 상수동 317-7         
 
쿄베이커리 홍대점, 전화번호:02-794-5090,주소:서울특별시 마포구 서강동쿄베이커리 홍대점에 전화걸기지도앱에서 길찾기지도앱에서 보기쿄베이커리 홍대점30m지도로 돌아가기지도 잠금하기지도 잠금 해제하기지도 잠금 해제됨지도 잠금
                                                            
                    
											
							관련 태그 목록
														#빵
														#상수역맛집
														#수요미식회
														#연유바게뜨가 시그너쳐
														#쿄베이커리
														#홍대맛집
													
					
                    
    
        

    window.ReactionButtonType = 'reaction';
    window.ReactionApiUrl = '//blog.daum.net/beablessing/reaction';
    window.ReactionReqBody = {
        entryId: 636    }

좋아요10

        
    
        공유하기
    

                
    글 요소

    
        
    
        
                    
    

    <!--

    
        
    
    
        
        
        
        
                    

-->

                    
                ","['바게트가 부드럽다니 먹고 싶어 지는데요~명란바게트 맛도 궁금합니다~ 군침이 도는 걸요~', '빵순이인 저에겐 천국같은 곳이네요.ㅋㅋㅋ 특히 저 연유 바게트는 꼭 맛보고 싶어요^^', '예상이 맞을거 같습니다.ㅎㅎ오늘 저녁에 수요미식회에 쿄 나오는걸로 알고 있구요.부인환씨가 아티장베이커라는게 아니고...얼마전 목동 현대에서 아티장 고메 푸드 페어를 했었는데 거기에 몇몇 업체와 함께 참가를 했던걸로 기억합니다.아티장 베이커스는 상호인걸로 아는데 여긴 판교 현백에 입점했다고 하대요...부사장 아티장으로 불려도 될지 어떨지는 잘 모르겠으나 제빵 경력은 20년정도 되는 걸로 알고 있구요...아주 살짝 부사장과 친분이 있다보니 이런것도 주어들어 알게 됐구요...^^;', '홍대근처에  주차장까지 있는 베이커리라니정말 인기있는 곳인가 봅니다.저는 아직도 리치몬드과자점  생각이....', '이집 완전 제스타일인것 같아요 ㅎㅎ빵 투어를 한번 가야 할까봐요~~아메리카노랑 같이 먹고 싶어요 ! ']"
2014. 2. 27. 11:40,"[스크랩] [폴앤폴리나外] 서울에 있는 맛있는 빵집들 정보쟈나.jpg  (+수정,추가!!!!!)","
                     



 
 
제곧내긔!
서울에 있는 맛있는 빵집들을 찾아봤긔...
더 있음 알려주세요!

 
 
 
 
 
 
 1. 폴앤폴리나
(홍대 앞이 본점이라고 하긔! 여의도에도 있긔~)

 
 

 

 

 

 
 
 
 
 
2. 우드앤브릭
(삼청동,성북동에 있긔)

 
 

 

 

 
 
 
 
 
3. 슬로우브레드에버
(서촌에 있는 빵집이긔)

 
 
 

 

 

 

 
 
 
 
 
 
4. 효자베이커리
(이것도 서촌에 있긔! 통인시장 근처에 있쉬먀)

 
 

 

 




 
 
 
5. 티나의 식빵
(연신내쪽에 있다고 하네예!)
 

 

 

 
 
 
 
 
6. 김진환제과점
(신촌에 있긔)

 
 

 

 

 
 
 
 
 
7. 더 박스
(성신여대 근처에 있긔!)

 
 

 

 



 
 
 
8. 오뗄두스
(본점은 서래마을이긔! 광화문에도 있다고 하긔)
 

 

 

 
 
 
 
9. 르빵
(잠실에 있긔!!)

 
 

 

 

 
 
 
 
10. 듀꼬뱅
(홍대쪽에 있긔)

 
 

 



 
 
 
 
11. 장블랑제리
(낙성대쪽에 있긔! 4월초까지 리모델링 공사 한다고 하네요!
가실 분들 참고하시긔!!!!)
 

 

 

 

 
 
 
 
12. 박종근과자점
(반포쪽에 있다고 하네예!)

 
 

 

 

 
 
 
 
 
13. 베이커스필드
(역삼, 이촌, 반포에 있대긔!)

 
 

 

 

 
 
 
 
14. 본누벨
(압구정에 있긔!)

 
 

 

 



 
 
 
 
15. 김영모과자점
(도곡,서초,반포에 있다고 하긔!)

 
 
 

 

 

 

 
 
 
16. 나폴레옹 과자점
(성북동에 있긔! 분점이 세군데가 넘는듯하긔! 본점은 성북동이긔!)

 
 

 

 

 
 
 
17. 뺑드빱바
(신사동에 있긔!)

 
 

 

 

 
 
 
18. 르알래스카
(가로수길 근처에 있긔! 분점있긔!)

 
 

 

 

 
 
 
19. 우스블랑
(홍대 근처에 있긔! 효창공원 근처에도 생겼다고 하긔!)

 
 

 

 

 

 
 
 
 
20. 빵나무
(홍대 근처에 있긔)

 
 

 

 

 

 
 
 
21. 쿄 베이커리
(상수쪽에 있긔!)

 
 

 

 

 
 
 
 
22. 브레드05
(홍대 근처에 있긔!)

 
 

 

 

 

 
 
 
 
 
23. 퍼블리크
(상수쪽에 있긔!)

 
 

 

 

 

 
 
 
24. 쉐즈롤
(홍대 근처에 있긔!)

 
 

 

 

 

 
 
 
 
25. 오월의 종
(이태원에 있긔!)

 
 

 

 

 

 
 
 
 
26. 피터팬제과점
(연희동에 있긔!)

 
 

 

 



 
 
(+)
소드님들이 댓글로 알려주신 곳들 추가하긔 (시간관계상 사진은 못넣었긔ㅠㅠ)
 
천호동 하이몬드한남동 악소숭실대 앞 토모베이커리성북동 샤뽀블랑
망원역 오븐과 주전자한남동 패션파이브회기동 크로네
이문동 뽀르뚜아신천 이지앙천호 블랑제리11-17압구정 롤링핀한남동 아티장이촌동 밀가루서래마을 리블랑제잠실 패스트리모니크안암 디어브레드반포 케익오페라도곡동 브라운브레드학동역 5B2F
홍대 악토버평창동 몽모랑시상암동 브레드비성산동 리치몬드 제과점홍대 꼼마브레드
평창동 몽모랑시
 
 
 
사진은 전부 구글에서 검색했고
정보는 소드와 쌍코에서 얻었긔!

 
 
이 외에도 여의도에 브레드피트, 신사 도쿄팡야, 돈암동 태극당(동국대 앞 아니긔!), 수유 쁘리앙디즈
베키아앤누보 등등이 있네예
저도 안가본 곳이 더 많아서 정보가 확실하진 않긔!
수정할거 있음 알려주시고 본문에 없는데 추천하고 싶은 빵집 있음 알려주세요!!!!!

 
 
빵투어 하고 싶쟈나!!!!!!!!!!!

 
**
스크랩 하실 땐 흔적을 남겨주세요!
 스크랩&gt;리플수x3 되면 막겠긔ㅠㅠ
글은 절대 안지울거긔!
 
 
 
 메모 :  
                                                            
                    
					
                    
    
        

    window.ReactionButtonType = 'reaction';
    window.ReactionApiUrl = '//blog.daum.net/toycan/reaction';
    window.ReactionReqBody = {
        entryId: 4700521    }

좋아요공감

        
    
        공유하기
    

                
    글 요소

    
        
    
        
                    
    

    <!--

    
        
    
    
        
        
        
        
                    

-->

                    
                ",['서울 인구에 비례해서 빵집도 많겠지만 유명빵집 소개 치고는 너무 만타....']
2015. 7. 13. 11:20,디저트제과제빵학과,"
                     
이번에는 디저트제과제빵학과에 대해서 얘기를 해볼까합니다 !!
인천문예실용전문학교 디저트제과제빵학과는
단단한 기본기를 바탕으로 호텔식 제롸 , 아티장 스타일의 제빵 , 화려하면서도 절제된 미를 표현하는 플레이팅 디저트까지 모든 예술적 감각을 발산할 수 있는 인재를 양성하는데 포커스를 맞추고 있습니다.
 
 

 
인천문예실용전문학교에서는 주요 전공과목으로
제과제빵실습 , 케이크 데코레이션 실습 , 식생활과 건강 , 베이커리 경영론 , 영양학 , 관광서비스론 , 디저트카페메뉴 , 제과제빵재료학 등
다양한 커리큘럼의 수업들을 진행하고 있으며 80%의 실습위주의 수업으로 엄청난 양의 실습으로 수업을 진행하고 있습니다!
 
 

 
또한 국내.외 '스타 파티셰' 최고권위 교수진의 강의로
일본 양과자 명인 요시다 기쿠지로 등 해외 파티셰 교수진과 베이커리 컨설턴트 , 제과.제빵 기능사 관련 다수의 저서를
출간하신 국내 베테랑 교수진이 실무 중심의 커리큘럼을 교육하고 있습니다
그러므로 유명한 교수님들 밑에서 믿음이 가는 수업을 받을 수 있으시겠죠?^.^
 
 

 
또 인천문예실용전문학교는 학기 중이 아닌 방학기간중에도
생생한 해외연수 프로그램을 진행하고 있는데요 
디저트제과제빵학과 같은 경우에는 이태리 I.F.S.E , 일본 동경제과학고 , 프랑스 르꼬르동블루 등 해외 명문 제과제빵 학교에서 진행이 되어
이를 통해서 국제적인 지식과 기술을 익히고 최신 떠오르는 트렌드와 감각을 향상시킵니다 !!
 
 


그렇다면!!!!
인천문예실용전문학교 디저트제과제빵학과를 나왔을 때 어디로 취업이 가능한가?!!
 
특급호텔의 호텔델리파티 , 제과제빵 파트로 취업을 나가거나 , 윈도우 베이커리나 해외취업 , 대기업 등으로
취업을 나가고 있습니다!!
100%의 취업률을 자랑하고 있는 인천문예실용전문학교!!!
지금까지 디저트 제과제빵학과에 대해서 얘기를 나눠보았습니다.
 
학교나 학과로 더 자세히 궁금하신 사항은
xodms361 로 카톡상담 해주시면 감사하겠습니다 ^.^
 
                                                            
                    
					
                    
    
        

    window.ReactionButtonType = 'reaction';
    window.ReactionApiUrl = '//blog.daum.net/xodms361/reaction';
    window.ReactionReqBody = {
        entryId: 8    }

좋아요공감

        
    
        공유하기
    

                
    글 요소

    
        
    
        
            저작자표시비영리변경금지        
    

    <!--

    
        
    
    
        
        
        
        
                        
            

-->

                    
                ",['비밀글입니다.']
2013. 10. 3. 20:36,서울 빵 투어,"
                    지역을 정해 빵집을 여러 곳 순례할 정도로 빵을 사랑하는 마니아에게 희소식을 전한다. 한국식으로 해석한 중세 독일 과자를 파는 집, 건강빵으로 승부하는 베이커리 카페, 어머니의 레서피를 재현하는 케이크 가게까지 다양한 베이커리가 서울 곳곳에 문을 열었다.1 한국식 독일 과자, 슈니발렌홍대에 독일 로텐부르크의 전통 과자 슈니발렌을 판매하는 4층 규모의 플래그 숍이 오픈했다. 슈니발렌은 길게 늘인 밀가루 반죽을 동그랗게 말아 기름에 튀긴 뒤 슈거・시나몬 파우더를 뿌려 먹는 과자로, 오독오독 깨물어 먹는 재미가 있다. 층별로 구비한 전용 나무망치로 과자를 깨뜨려 먹는다. 문의 322-1676  2 수제 건강빵을 파는 더반 카페신사동 포도플라자에 위치한 '더반 베이커리'가 가회동에 스페셜티 커피와 갓 구운 빵을 맛볼 수 있는 '더반 카페'를 오픈했다. 일본 도쿄 제과학교 출신 이용범 셰프가 동아원의 프리미엄 밀가루와 프랑스 고급 버터를 주재료로 매일 오전 빵을 굽는다. 시그너처 빵은 '더반 식빵'. 식이섬유 밀가루와 노르망디 버터로 만들어 고소하다. '말차 팥빵'은 쌀눈쌀 반죽에 말차 크림, 팥 앙금을 넣어 완성했다. 문의 766-62603 홍대의 떠오르는 빵집, 우스블랑효창동에 이어 홍대에 2호점을 낸 '우스블랑'은 테이블이 있는 카페와 빵을 진열한 숍으로 나뉜다. 주재료는 우리 밀과 유기농 통밀, 호밀. 발효빵은 소화를 돕고 빵의 보존력을 높이는 건포도종으로 만든다. 버터와 설탕을 넣지 않아 씹을수록 고소한 통밀빵이 추천 메뉴. 아몬드 크림과 견과류를 넣은 갈레트와 슈거 파우더를 눈처럼 뿌린 몽블랑처럼 달콤한 빵도 인기다. 문의 3144-19774 생반죽으로 빵을 만드는 폴 인 브레드23년간 제빵업계에 몸담아온 이진우 셰프가 평창동에 오픈한 '폴 인 브레드'. 냉동이 아닌 생반죽만 고집하며 휘핑크림 대신 우유에서 추출한 생크림만 사용한다. 보존료, 방부제, 유화제를 일절 사용하지 않고 당일 생산, 판매하는 것이 원칙이라고. 해바라기 씨앗을 가득 뿌린 '써니 힐' 잡곡빵, 진한 초콜릿 맛의 '시나브로 초코 깜빠뉴' 등 발효빵 외에도 쌀로 만든 단팥빵 등 약 50가지 빵을 만든다. 밀가루 대신 쌀로 만든 다양한 빵도 갖춰 어린아이 간식으로도 훌륭하다. 문의 395-04045 타르트가 압권인 씨엘 드 프랑스신사동 '씨엘 드 프랑스'는 빵을 진열한 선반과 안쪽 카페 공간으로 나뉜다. 10종의 타르트, 30종의 발효빵, 그 외 일본식 제과와 수제 잼을 다양하게 선보이는데 그중 정일균 셰프가 가장 애정을 쏟는 것은 타르트. 샤블레 베이스로 만드는 부드러운 식감의 타르트에 초콜릿, 과일 등 다양한 재료를 넣어 만든다. 마론치노, 연유 라테 등 독특한 음료도 놓치지 말 것. 문의 514-65146 수제 케이크집, 글래머러스 펭귄캐나다에서 공부하던 시절, 현지에서 먹었던 푸짐하고 달콤한 케이크의 맛을 잊지 못한 유민주 사장이 오픈한 곳. 펭귄을 모티프로 한 심플한 캐릭터로 곳곳을 장식한 실내는 1층과 2층으로 나뉜다. 톤 다운 된 블루 컬러가 메인이라 차분하면서도 세련된 분위기를 전한다. 레드 벨벳, 레몬 머랭, 메이플 시럽 케이크가 훌륭하다. 문의 790-71787 1호점은 르 알래스카, 2호점은 라 에스키모압구정 '르 알래스카'의 한 블록 건너편에 생긴 세컨드 브랜드 '라 에스키모'. 널찍한 카페 한쪽에서는 아이스크림 글라스, 버터 케이스, 디저트 플레이트와 제빵 &amp; 제과용품을 판매하니 빵을 사랑하는 사람이라면 매혹적인 눈요기가 될 듯. 쇼케이스에는 베이글을 포함해 케이크, 타르트 등 디저트류가 진열되어 있다. 바나나를 수북이 올린 트리플 타르트와 레몬 머랭 파이가 일품. 문의 567-88888 제빵 장인이 만드는 아티장 베이커스.호주에서 제빵을 배운 모태성 셰프의 '아티장 베이커스'. 건포도 액종이 아닌 자연 효모로 빵을 만들며 화학 첨가물을 일절 더하지 않는다. 충분한 발효를 거쳐 씹을수록 고소하며 적당한 산미를 지닌 것이 특징. 빵 껍질은 살짝 그을린 듯한 적갈색으로 바삭한 질감이 살아 있다. 클래식과 호밀, 통밀로 나뉘는 사워 도가 시그너처 빵. 문의 749-34269 개성 넘치는 빵 작명의 대가, 뺑드빱바 2호점아빠의 마음으로 빵을 만드는 '뺑드빱바'의 이호영 셰프가 압구정동 광림교회 맞은편에 새로운 둥지를 틀었다. 메뉴는 1호점과 비슷하지만 전보다 좀 더 넓은 카페 공간을 두어 차와 빵을 즐길 수 있다. 레몬 필이 들어간 '난 있지, 속은 부드럽고 겉은 바삭해', 아몬드를 입힌 '지구별', 무화과와 호두가 가득 든 '먹고 놀라지는 마'가 스테디셀러. 문의 512-353510 독일 빵 맛이 그립다면, 악소플라워 카페 '블뤼테'의 숍 인 숍이던 '악소'가 한남동 리첸시아 상가 1층으로 자리를 옮겼다. 버터나 설탕을 쓰지 않고 밀가루와 이스트, 물로만 만든 정통 독일식 빵을 선보인다. 번 모양의 둥그런 빵에 해바라기 씨, 귀리, 치즈 등을 더한 '브룃헨'이 기본. 발효를 통해 시큼한 맛을 내는 두툼한 '브로트', 담백하고 쫄깃한 '브렛첼'이 주 메뉴다. 햄과 치즈를 넣어 만드는 샌드위치 맛도 일품. 문의 794-1142
                                                            
                    
					
                    
    
        

    window.ReactionButtonType = 'reaction';
    window.ReactionApiUrl = '//blog.daum.net/iota712/reaction';
    window.ReactionReqBody = {
        entryId: 857    }

좋아요공감

        
    
        공유하기
    

                
    글 요소

    
        
    
        
            저작자표시비영리변경금지        
    

    <!--

    
        
    
    
        
        
        
        
                        
            

-->

                    
                ",
2015. 8. 28. 11:56,디저트 제과제빵학과를 소개합니다.,"
                    디저트를 중점을 배우는 
제과제빵학과를 소개합니다.
 
 
 
요즘 아기자기한 디저트 분야에 관심이 많아지면서
제과제빵학과를 알아보는 학생들 중에서도 디저트분야를 제대로 
배우고 싶어하는 친구들이 많아지져!^^
 
그래서 디저트를 제대로 배울 수 있는 인천문예실용전문학교 제과제빵학과를 소개합니다.
 
 

 
 
디저트 제과제빵학과는 단단한 기본기를 바탕으로 호텔식 제과, 아티장 스타일 제빵, 
미를 표현하는 플레이팅 디저트까지 모든 예술적 감각을 발산할 수 있는 인재를 양성하는데 포터스를 맞춘 학과 입니다.
 
 

 
 
특히나 현재 제과제빵업계의 최신 트렌드를 읽고 자신만의 감각으로 소화할 수 있는 다채로운
커리큘럼으로 되어있는 학습과정은 디저트 분야를 제대로 공부할 수 있는 것 중에 하나입니다!^^
 
 

 
 
디저트 제과제빵학과의 커리큘럼입니다. 호텔 제과제빵 수업 뿐만 아니라 케이트 디자인 실습,
슈가 크래프트 등 동양의 디저트부터 서양의 디저트까지 다양하게 공부합니다.
 
이러한 다양한 디저트 분야의 수업을 일본 양과자 명인 요시다 기쿠지로 등
해외 파티셰 교수진과 베이커리 컨설턴트, 제과제빵 기능사 관련 다수의 저서를 출간하신
국내 베테랑 교수진과 함께 실무 중심의 커리큘럼으로 교육하고 있습니다.
 
 
 

 
 
이러한 실습 수업을 어떤 환경에서 공부를 하는지도 중요하겠져~
인천문예실용전문학교 디저트 제과제빵학과는 제과 실습실과 제빵 실습실이 나눠져있어
체계적을 수업과 최신식 기물로 갖춰진 실습실에서 공부를 하고 있습니다.
 
 

 
 
친구들이 공부하면서 동선을 줄여 실습 수업에 더 집중 할 수 있게 하여
반죽기도 테이블 바로 옆에 있어요~~~ 학생들은 생각하는 마음이 보이져!?^^
 
제과제빵학과를 알아보는 친구들 중에 디저트에 관심이 많은 학생들은 
학과 상담도 받아보면 좋을 것 같아요~~~
 
 


                                                            
                    
											
							관련 태그 목록
														#디저트
														#인천문예실용전문학교
														#전문학교
														#제과제빵학과
													
					
                    
    
        

    window.ReactionButtonType = 'reaction';
    window.ReactionApiUrl = '//blog.daum.net/jj112011/reaction';
    window.ReactionReqBody = {
        entryId: 108    }

좋아요공감

        
    
        공유하기
    

                
    글 요소

    
        
    
        
            저작자표시비영리변경금지        
    

    <!--

    
        
    
    
        
        
        
        
                        
            

-->

                    
                ",
2016. 5. 6. 22:09,맛 빵집,"
                        폴(paul)            여의도동 메리어트 호텔 B동 1층        전화 2070-3000          (여의도 2번출구 금융감독원 끼고 좌회전 고고 메리어트 호텔..)            프랑스에서 120년동안 인기있는 빵집. 종류별로 12개 남짓 만드는 에클레르(크루아상 종류)가 인기, 크로와상이 최고 오후3시전에             가야 살 수 있음. 심하게 달지 않아 커피랑 궁합이.. 근데 비쌈.   팔미에.밀푀유 쇼콜라. 크로와상.퍼블리크 -장소   서울특별시 마포구 상수동 311-1 앉아서 먹을공간도 있음. 위치 찾기 어려운 주택가   식사용빵       전통프랑스식 건강빵              인기빵 /세이글(오후 6시이후나옴), 빵드퍼블리크(화목금에만 만듬). 푸가스 퍼블리크,              셰프 추천빵 ' 100%호밀빵, 통밀빵,-이태리요리, 샐러드랑 어울려, 빵에 치즈나 야채토핑해 오븐에 구워 먹어도 맛나.               에클레르(긴 슈크림위 초콜릿 바른과자)-피스타치오와 초콜릿, 커피, 바닐라맛 커피와 어울려               위치 : 지하철6호선 상수역1번출구 도보5분    전화 333-6919    오전10-오후10시 일요일 휴무 라틀리에 모니크 - 인기빵 :후류이(각종견과류 듬뿍 넣고 숙성,크랜베리 호두 두맛.크랜베리 먹자. ), 후류이 아리꼬르쥬(후류이에 단팥)(5.0)                         파(2,5)-맛있따. 약간 야채빵맛., 소금카라멜스콘(2,3)-굳, 소녀감성(2,8)                         특이한빵 : 파 크로와상(파와 치즈),미숫가루 크림빵(선식), 들깨소다 브래드(들깨)                         특징: 일본제빵왕쉐프 스기야마 히로하루, 빵이 아담해. 쉐프추천빵은 크로와상, 비싸,                          위치 : 청담동 갤러리아 백화점 사거리에서 처담사거리 방향으로 우측, 전화 549-9210 (오전 10-오후 8시반, 연중무휴) 에릭케제르 - 셰프추천빵 '바게트 몽슈', '빵오피그'(무화과 열매재료로 달콤, 여성들 좋아해, 푸아그라나 샐러드랑 먹어도 좋아),                   프랑스버전 치즈케이크(로제 샴페인이나 화이트와인과 어울려)///크로와상 괜츈, 비숑카라멜(누군가 완전 맛있대)                 위치 : 여의도 63빌딩 지하1층   전화 789-5687        오전 7-오후10시 연중무휴                 인터넷 평이 - soso 접근성도 떨어짐. 코른베르그과자점- 서정웅제과명장운영, 지하철8호선 가락시장역 롯데마트옆 .올림픽훼미리아파트입구.                         갈레뜨브르똥이유명(가레트)-작은쿠키류. 비싸고 특별한 맛도 없음. 빵집도 작도 먹을곳도 없음.서울 송파구 문정동 150 토모니베이커리 - 7호선 숭실대입구역 2번출구 나가면 바로.                       작은가게.  위치 서울 동작구 상도로 370                      인기빵 호박이 넝쿨쨰(굳), 쑥떡쑥떡(굳, 식감도 좋아.), 모찌모찌크림치즈빵,  잇츠크리스피 - 인기빵 초코발효종(5.0),(굳) - .당큰케익 비싸.                      서울 중구 을지로2가 15번지 삼화타워 1층                     김동원제과장 운영. 유명인들 있는 곳에서 일했던 제빵사.                      먹을장소 존재 베이커스필드- 인기빵: 브라운크랜베리(6.0), 와인크랜베리(2.8)                  먹을곳존재 카페식                  위치 : 서울 강남구 역삼동 817-18 본누벨 -압구정 로데오거리 프린세스호델1층           케잌이 유명. 인기빵은 콩콩(5.0)-굳, 눈의여왕(2.5), 참에 멘탈치즈(3.5)            서울 강남구 신사동 641-1            동경제과출신 서강헌 쉐프    / 카페식 빵집.               미루카레(MILCALE)-다카미 가나코 일본쉐프 일본빵집. 인기빵은 명란젓프랑스(2.0)-굳                        프랑스빵 (명란젓, 카레, 참치포테이토, 베이컨포테이토) 참치포테이토도 맛있따.                         서울 마포구 동교동 197-15                        3143-7077          먹을공간존재  작은아씨's 베이커리 - 서울 마포구 망원동 379 - 391                             망원역 2번출구나와 죽 오면 약간 외진곳에 위치. 작은매장.                             쑥속에빵이 인기빵 이제안만들고 대신 작은아씨 팥빵만든다고 함. 흑임자스콘, 오트밀스콘, 사과빵, 인기메뉴.  성심당 -대전유명빵집. 대전역점/롯데점/본점존재. 대전의 명동에 위치.  사람겁나많아.          인기빵 : 튀김소보로(일반소보로를 기름에 튀겨 바삭함이 증가). 추억의 빵인 판타롱부추빵(부추와 계란노른자 섞어 옛날부추만두속 같은           거 추억 느끼는맛)도 많이 산다고함.. 이건 인기빵은아니나 후기-&gt; 대전부르스떡 - 식감좋은 찹쌀떡이나 비싸다고함.          위치 대전 중구 은행동 145 김영모제과점 -신 반포 .제과명장, 비싸. 바움쿠헨(아몬드,딸기,초코,녹차)-맛있는과자.. 요구르트 브레드(인기빵,스콘,비싸지만 재료 풍부 최고)                   ,/ 유명/특이한 빵 많아. 박종근 베이커리 - 구반포 / 단팥소보로 /저렴, 큰빵/단팥과 밤이 가득 들어있음 서래마을 파리크라상- 반포서래/ 아몬드크라상, 크라상 , 가또바스크, 트레디션바게트/ 빵종류 많고 비싸/무난 나폴레옹과자점 - 크림빵(굳굳). 초코빵(느끼별로),통팥빵(굳굳).엘리게이터 /손님적어/ 뚜쥬루제과-천안 서북구 성정동 695-1 거북이빵, 시바앙호두봉(비싼 호두과자같은거) 유명. - 특별한맛은 아님. 국내 맛있는 크로와상 - 여의도폴, 압구정 르 알래스카,홍대 폴앤폴리나라고 함. 교 베이커리(Kyo bakery) - 홍대 /일본식빵집   794-5090                 하이얀 슈크림(굳)-&gt;10시반,2시,5시에나옴,  먹물연유바게트(굳)-&gt;11시2시,5시나옴. 기욤 청담점 - 핑크로 꾸며져있음. 매장이쁘고 비싸고 디저트류 많고. 에끌레르 바닐라와 쇼콜라인기. 크기도 크다. 던킨도너츠 긴 빵..(안에 바닐라                  랑 초코 들어간거 생각해 위에 흰 아이싱 뿌려져있고 -ㅠ-) 롤링핀 압구정 - 식사용빵. 빵맛 최고. 압구정식빵은 인기빵. 미고 베이커리- 롤링핀 근처 / 각 백화점 입점 케잌으로 유명  먹을곳 존재                  인기빵 블랙스틱, 무화과피칸 , 라우겐롤       신사동 574-4 노아 베이커리 - 인기메뉴 : 까망베르치즈바게트, 호두치즈 브래드, 야생 건포도, 고대호밀빵, 브리오슈 후르츠                    신사동 612 레트로 오븐 - 2-3일전 예약필수. 오픈 오후1시, 논현동 254-22  버터크로와상,초코크로와상은 화요일만.                    12:30-7시, 일월 공휴일 휴무, 544-9045   허브, 치아바타, 라우겐크로와상, 시골빵(2시에 나옴), 아몬디에 - 마카롱명소, 밀푀유, 에스페랑스,릴라종로구 안국동 175-3     맛 굳굳굳ㄱ 유명              빵드빱빠- 신사동 572-2 / 인기빵 : 오렌지랑 호두랑, 먹고놀라지마, 섹시크랜베리  광림교회 앞. 먹을 공간존재. 빵맛 굳 르 알래스카 신사동 가로수길 - 패스츄리 유명(굳),메니베리(굳굳굳), 흰바탕 크랜베리 들간거 점원에게 물어봐 (굳) 먹을공간있음. 도코팡야 신사동 가로수길 - 카레빵, 도코링고(안에 사과가 통으로들간거), 메론빵(위에 설탕듬뿍), 말차크림 - 빵맛 그저 그럼, 평범. 라몽떼 - 7호선 뚝섬유원지역1번출구 나와 직진 오른쪽으로 들가면 됨. 아파트촌 근처, 홍대 퍼블리크 장은철 파티쉐가 연 다른 가게            빵 종류는 달라.            인기빵 : 루스틱 세레알(굳굳) 가격4.5, 쇼콜라코코(굳) 4.8, 비엔누아(오렌지(굳),크랜베리,쇼콜라,아몬드(굳굳)..아몬드가 가장인기 .           각 2.5),크루아상(아몬드3.0-&gt; 가장인기, 파인코코(맛이 굳)3.5?, 산딸기3.2,), 치즈깜바뉴. 쇼콜라코코(굳)          위치 : 서울 광진구 자양동 553-45(광진구 능동로 4길 61) -먹을공간있음.  맛집.. 코트도르 - 후쿠오카에서 40년 넘은 전통 수제베이커리로 부산에 존재. 한국본점은 용호동  GS 자이상가 1층, 서울도 곧 오픈                인기빵 - 카네이션 케익 미니(8.0),굳, 캐릭터빵(2,5)-무난,병아리만주(3,6), 하라 도너츠 -  하라도너츠, 나머지 도너츠는 하라도너츠와 약간만 다를뿐 비슷.  서울중구 명동 1가 오군 수제고로케- 홍대 빵집12,4시에 나옴. 줄서서 받음. 카레감자,호두단팥,감자 각(1.5), 크림치즈. 김치감자 각 (2.0)  - 굳굳서울 마포구 연남동 566-6        325-5159 메종드조에 - 마카롱유명(1.5) 청담동 50-7 브라운브레드 -이대빵집. 이대입구역 신촌역방향으로 내려감. 재건축으로 잠깐 도곡동 424-8로 이전 재건축후 돌아옴.인기빵 : 화이트바게트, 밀크잼, 호밀깜바뉴, 허브빵, 뺑오쇼콜라,   밀크잼과 오일이 유명. 브라운브레드. 전화하면 빨리 찾아갈수 있어.그랜드 하이얏 서울 더 델리 - 인기빵 크라프트콘 브레드, 코니시 프룻 브레드, 건토마토 치아바타,                                     삼성동 159-7  하이얏호텔에 있는 빵집 vaker 107-손지창 오연수 부부빵집인기빵 초코빵(4.5)굳, 천원의행복(1.0),나는우유다(2.5) 제니스브레드 - 카페식  서대문구 연희맛로 17-49인기빵 치아바타(2.5)굳, 올리브, 치즈푸가스(3.5)굳, 포마지오, 마르게리따등 여러종류 샌드위치 유명 올드크로와상팩토리 -인기빵 초코베이글, 넛츠포레스트, 오리지널 크로와상, 아몬드크랜베리크로와상, 치즈크로와상(대표메누), 오렌지크로와상.고르곤졸라 베이글  -빵맛 괜차나. 11-7시 일요일 문 안열어. 레빵뺑 - 잠실동 우성4차 상가 맛난곳인기빵 : 이탈리아빵(7.0), 뺑드 세레알(6.5), 브리오슈 쇼콜라(3.0), 쁘띠 푸가스(1.0) 송파구 잠실동 320 우성4차 상가 102호전화 414-9138          blog.naver.com/lespangpains 브레드미 - 신천역 8번출구 리센츠상가 지하1층                   인기빵 : 그린베리치즈, 월넛레이즌,무화과깜바뉴                 서울 송파구 잠실동 22-6 리센트 상가 지하1층 19호       맛 굳 브레드박스 - 인기빵 : 론도(굳), BB시그네처(굳굳굳), 유기농 두부두유빵-건강빵, 브쉐(굳), 크렌베리 베이글           먹을곳 존재                 서초구 방배동 977 -19 밀앤빈 - 수제식빵         인기식빵 : 모카식빵, 치즈식빵, 시나몬견과식빵,      굳굳           역삼동 730-4 커피츄 - 한강진역3번출구 나와 이태원방향, 직진 폭스바겐매장끼고 골목 직진.dipping 추로스 레몬치즈, fritters츄로스 밀키보이, 서울 용산구 한남동 682-10  베리굳   베리베리굳 타르틴- 이태원 파이집   비싸피칸파이, 블루베리파이. 이태원동 119-15 이태원역 1번출구 아티장베이커스 - 용산구 한남동 30-3인기빵 - 사워도우빵, 치즈올리브 사워도우, 무화과 사워도우, 통밀호두크랜베리 사워도우, 디셈버브레드, 발사믹오일, 주말에 베이킹클래스 운영.전화 749-3426     굳굳굳 마카롱- 홍대 루벤 장 아드리안 쉐프            이스파한-6천원굳굳굳, 마카롱, 디자이어.  마포구 서교동 르방 - 인기빵 : 르방크림빵, 생크림단팥빵, 크림치즈크로와상, 얼그레이쿠키.            마포구 상수동 72-1 홍대 정문쪽 332-7473 하루노유키 -바움쿠헨, 카페플레인피레네, 카페피레네, 초코피레네,  서울 강남구 신사동 640-5 맛있음. 소프트리 -허니칩스컵 가격비싸 .강남 압구정로 14길 39                   -------------------------------------------이태원- 스모키 살룬(스모키, 빅아일랜더)싱가폴 명물인 야쿤카야토스트 -강남홍대 맛집 : 돈부리, 돈코보쌈,코코로벤또(마포구 서교동 361-6)코코로벤또 - 일본도시락점 비싸오봉팬(au bon pain) 카페카페 프리다 - 강남구 역삼동 826-37쌍용플레티넘밸류 - 스위트까망베르치즈파니니 굳한남동 커피츄 - 수제츄러스로 유명 
                                                            
                    
					
                    
    
        

    window.ReactionButtonType = 'reaction';
    window.ReactionApiUrl = '//blog.daum.net/dksdudwp5763/reaction';
    window.ReactionReqBody = {
        entryId: 5    }

좋아요공감

        
    
        공유하기
    

                
    글 요소

    
        
    
        
            저작자표시비영리변경금지        
    

    <!--

    
        
    
    
        
        
        
        
                        
            

-->

                    
                ",['비밀글입니다.']
2016. 4. 21. 12:47,호텔제과제빵과와 구별된 인천문예전문학교의 융합교육!,"
                    융합, 믹스, 복합 등의 단어는이제 앞으로 많이 사용될 것이라고 전망되어집니다.각 산업의 급성장으로 인한 발전은자체적으로 성장하는데 있어 한계에 다다랐으며,그로인해 타 산업의 기술과 지식을 융합,복합하여성장하는 융합산업으로 변화하고 있기 때문이죠.이런 변화를 가장 주변에서 쉽게 찾아 볼 수 있는 것이바로 외식산업입니다.그 중에서 제과제빵을 살펴보면,브랜드베이커리에서 이제는 빵만 판매하지 않습니다.커피, 차 등 식음료를 함께 판매하며,더 나아가 카페처럼 앉아서 먹고, 이야기를 나눌 수 있는홀과 테이블이 준비된 곳이 늘어나고 있습니다.게다가 백화점, 대형마트 등에서도지하 식품매장에서만 운영되던 디저트매장은가장 높은 이윤을 창출하는 지상 1층에 위치하는 등다양한 변화와 시도가 이뤄지고 있습니다.이런 움직임을 통해 디저트시장은외식산업의 메이져로 성정하고 있죠.이처럼 디저트시장이 성장함에 따라지속적인 성장, 발전을 위해 차세대 인재 양성이중요해지고 있습니다. 이미 호텔제과제빵과를 통해 매년 수많은 인재들이 양성되고 있죠.하지만, 대다수의 호텔제과제빵과는 지금 디저트시장의 트렌드와는 달리호텔식제과제빵 교육에 치우쳐져 있다는 사실!!이와 함께 수년 전부터 디저트 전문 인재를 양성하고 있는인천문예전문학교가 화제가 되고 있죠.인천문예전문학교는 호텔제과제빵과에서 중점으로 교육하는호텔식제과제빵은 물론 디저트 아트, 디저트 플레이팅,아티장 스타일의 제과제빵 등을 교육함으로써최신 디저트 시장의 트렌드에 맞는 교육을 지도하고 있습니다.뿐만아니라 디저트와 어울리는 차, 커피, 와인 등식음료에 대해서도 함께 교육함으로써차별화된 경쟁력을 갖춘 인재를 양성하고 있습니다.인천문예전문학교가 일반 호텔제과제빵과보다우수하다는 평가를 받는 이유는 또 있습니다.바로 글로벌 경쟁력을 갖춘 베이커리 전문가를 양성하고 있다는 점입니다.해외 명문 제과제빵학교인 '이태리 I.F.S.E.', 일본의 '동경제과학교' 등프랑스, 미국, 홍콩 등 글로벌 베이커리 트렌드와 감각, 지식, 기술을향상시켜 세계무대에서 활동가능한 파티쉐를 양성하고 있습니다.이처럼 일반 호텔제과제빵과와는 차별화된 경쟁력을 갖춘 인천문예전문학교는지난해 외식산업 관련 우수인재양성하는 세계 대표 교육기관 다섯 곳 중 한곳으로당당하게 한국의 국적으로 선정되었습니다.미국의 CIA, 코넬대학, 독일의 마에스타, 일본의 도쿄대학원과 함께 말이죠!현재 인천문예전문학교에서는 미래의 디저트 시장을 선도할트렌드를 변화시키고 이끌 파티쉐를 양성하기 위해2017학년도 신입생을 모집하고 있습니다.
  

                                                            
                    
											
							관련 태그 목록
														#인천문예
														#인천문예실용전문학교
														#전문학교
														#제과제빵디저트
														#호텔제과제빵과
													
					
                    
    
        

    window.ReactionButtonType = 'reaction';
    window.ReactionApiUrl = '//blog.daum.net/ansghktkfkd/reaction';
    window.ReactionReqBody = {
        entryId: 1092    }

좋아요공감

        
    
        공유하기
    

                
    글 요소

    
        
    
        
            저작자표시비영리변경금지        
    

    <!--

    
        
    
    
        
        
        
        
                        
            

-->

                    
                ",
2016. 4. 21. 15:27,호텔제과제빵학과와 차별화된 인천문예 교육체계!,"
                    최근 외식산업의 움직임이 심상치 않습니다.요리분야는 쿡방, 스타셰프들의 인기로 많은 사랑을 받고 있으며,식음료 분야는 세계 커피소비량 6위를 기록하는 등 큰 성장을 보였으며,제과제빵분야는 디저트를 앞세워 외식산업의 메이져로 자리잡고 있습니다.이 중에서도 외식산업의 메이져로 자리매김하는 제과제빵분야는백화점, 대형마트 등에서 쉽게 확인 할 수 있습니다.지하에 위치해있던 디저트 매장들이 가장 높은 이윤을 창출하는화장품 등과 같은 층인 1층에 위치한 것!!게다가 최근 디저트존이 생겨나면서 국내외 디저트매장을 쉽게 만나 볼 수도 있게 되었죠.이처럼 디저트시장이 활성화되고 성장하면서앞으로의 디저트 시장을 이끌어갈인재양성의 중요성 역시 강조되고 있습니다.현재 국내 수많은 대학에 호텔제과제빵학과가 개설되어 있죠.하지만, 대부분 호텔식 제과제빵을 교육하는데 중점이 맞춰져 있습니다.하지만, 일반적인 호텔제과제빵학과와는 다르게 디저트 전문 교육으로파티쉐를 양성하는 인천문예가 주목받고 있습니다.호텔식제과제빵은 물론 아티장스타일의 제과제빵,디저트 아트, 플레이팅 디저트, 슈가아트, 쇼콜라티에 등디저트 전문가를 육성하기 위한 체계적인 교육커리큘럼이 세워져 있습니다.이처럼 트렌드를 따라가는 것이 아닌 트렌드를 앞선 교육으로 인해지난해에는 외식산업 관련 우수한 인재를 양성하는세계 대표 교육기관 다섯 곳 중 한곳으로도 선정되면서그 위상을 전 세계에 알린바 있는 호텔제과제빵학과와 차별화된 인천문예!현재 미래 디저트시장을 이끌어나갈 인재를 양성하기 위해2017학년도 신입생을 모집중에 있다고 합니다.인천문예는 호텔제과제빵학과에서는 보기 힘든최첨단 도심형 신축 캠퍼스로 이전하면서최신 트렌드 제과제빵현장을 그대로 재현한 실습실과최첨단 실습장비를 모두 갖추어 트렌드에 뒤쳐지지 않는우수한 인재를 양성하고 있습니다.뿐만 아니라 최근 베이커리에서 제과제빵 외에도식음료를 함께 판매하는 등의 흐름에 따라서디저트와 어울리는 와인, 커피, 차 등의 식음료 수업도함께 진행하면서 경쟁력에서 우위에 설 수 있는 인재를 양성하고 있습니다.2년제 전문학사 학위 과정인 제과제빵디저트전공을 운영하고 있는인천문예를 여러분들이 고민하고 있는 지금 이시간에도용기있는 학생들이 모집정원을 한명씩 채워나가고 있다는 사실을!! 꼭 기억하세요~호텔제과제빵학과와 차별화된 디저트전문가를 양성하는 인천문예에서여러분들의 꿈을 펼쳐보세요~
  

                                                            
                    
											
							관련 태그 목록
														#디저트
														#인천문예
														#인천문예실용전문학교
														#전문학교
														#제과제빵디저트
														#호텔제과제빵학과
													
					
                    
    
        

    window.ReactionButtonType = 'reaction';
    window.ReactionApiUrl = '//blog.daum.net/ansghktkfkd/reaction';
    window.ReactionReqBody = {
        entryId: 1093    }

좋아요공감

        
    
        공유하기
    

                
    글 요소

    
        
    
        
            저작자표시비영리변경금지        
    

    <!--

    
        
    
    
        
        
        
        
                        
            

-->

                    
                ",
2016. 1. 25. 10:00,안방까지 배달되는 전국구 맛집 서비스 ,"
                    때는 바야흐로 ‘맛집’ 전성시대다. 인터넷에는 여기저기 맛있는 음식을 먹고 왔다는 포스팅이 줄을 잇고, 눈을 돌려 TV를 보면 유명 셰프가 요리를 하고 있다. 전화만으로 배달이 되는 가까운 맛집들은 먹을 만큼 먹었다. 이제 더 넓은 맛집의 세계로 나가 보자. 안방에 앉아서도 배달시킬 수 있는 전국구 맛집 서비스를 소개한다.※ 각 서비스 이름을 클릭하면 해당 서비스로 이동합니다시골 장터 맛집이 내게로 온다사진 크게보기  사진 크게보기요리버리의 '전주 한옥 떡갈비' 배달용 패키지. 반조리식품을 데우기만 하면 멋진 요리가 완성된다.- 요리버리짜장면은 배달이 오래 걸리면 불어서 맛이 없어지고, 치킨이나 피자도 식으면 식감이 떨어진다. 장거리 배달이 어려운 가장 큰 이유다. 전국 맛집 음식을 배달하는 ‘요리버리’는 반조리 음식을 배달함으로써 이 딜레마를 해결했다. 육수와 생면을 따로 포장해 충청도 전통음식인 홍굴부추칼국수와 부산 밀면을 전국에 배송하고, 닭갈비는 굽기 직전의 상태로 나간다. 이런 방식으로 전국에 있는 맛집 30여 곳(2016년 1월 기준)의 음식을 택배로 받을 수 있다.주요 맛집: 춘천 통나무집닭갈비·전주 한옥떡갈비·용인 올리브그린 국물떡볶이 등- 미래식당‘전설의 맛집을 우리집에서’라는 문구를 내세운 ‘미래식당’에는 완전 조리된 상태로 배송해도 큰 무리가 없는 디저트나 간식류가 많다. 닭강정이나 빵, 치즈 등이다. 부산의 유명 떡볶이집인 ‘다리집’의 경우 떡볶이 고추장만 배송한다. 직원들과 미식가들이 직접 먹어 본 음식들만 소개한다고. 2016년 1월 현재 24개 메뉴를 주문할 수 있다.주요 맛집: 속초 중앙닭강정·춘천 독일제빵(호두파이)·부산 개금밀면 등빵순이들의 온라인 빵투어사진 크게보기매일 신선한 건강빵을 배달하는 브레드베어- 배민프레시(헤이브레드)스스로 빵 중독자라 당당히 밝히는 이들의 ‘빵집 투어’ 수고를 줄여 환영 받은 서비스다. 빵 좋아하는 이들에겐 익히 알려진 유명 빵집들이 그날 만든 빵을 모아 늦은 밤부터 이른 새벽 사이에 배송한다. 배달앱 ‘배달의민족’의 식품 배송 브랜드인 ‘배민프레시’로 합쳐지면서 더욱 안정적인 서비스가 됐다. 정기 배송도 가능하다.주요 빵집: 퍼블리크·브레드피트·레스까르고 등- 브레드베어수도권의 유명 빵집 빵을 배달하는 점은 ‘배민프레시-헤이브레드’ 서비스와 유사하지만 건강빵을 중심으로 한 셀렉션이 특징이다. 각 베이커리마다 오너 셰프가 직접 추천하는 메뉴와 간단한 설명이 있어 진입 장벽이 낮아 ‘빵순이 입문 레벨’에게도 추천할만 하다. 수도권 빵집과 제휴하며, 택배를 통해 전국에 배송한다.주요 빵집: 아티장베이커스·라틀리에모니크·시오코나 등이거 내가 했어, 진짜야 사진 크게보기  사진 크게보기간편하게 포장된 식재료를 레시피와 함께 배달하는 테이스트샵- 테이스트샵‘테이스트샵’은 마트에서 하나씩 사기 어려운 식재료를 레시피와 함께 요리에 딱 맞는 분량으로 배달해 준다. 정기적으로 매주 1~2회 배송받는 회원제 서비스가 기본이지만 단품 메뉴 배송 서비스도 있다. 셰프들이 직접 이름을 걸고 추천하는 레시피와 식재료를 보여줘 믿음이 간다. 레시피도 따라하기 어렵지 않은 수준이지만 결과물의 비주얼은 유명 식당 수준으로 ‘있어 보인다’.- 푸드마스조금 더 간편한 요리와 친절한 설명을 원한다면 ‘푸드마스’를 찾아보자. 사이트 내 ‘DIY홈쿠킹’ 탭을 선택하면 필요한 재료를 주문하면서 동영상 레시피를 함께 볼 수 있다. 다른 메뉴인 ‘레시피 카드’에서는 재료 구매가 바로 지원되진 않지만 다양한 레시피를 보고 참고하기에 유용하다.글=박성조 기자 park.sungjo@joongang.co.kr사진 제공=각 업체[추천기사]성심당 임영진 대표, “프란치스코 교황에게 팁도 받았어요” 사진 크게보기  JoongAng Ilbo              입력 2016.01.24 
                                                            
                    
					
                    
    
        

    window.ReactionButtonType = 'reaction';
    window.ReactionApiUrl = '//blog.daum.net/capt54/reaction';
    window.ReactionReqBody = {
        entryId: 9176    }

좋아요공감

        
    
        공유하기
    

                
    글 요소

    
        
    
        
            저작자표시비영리변경금지        
    

    <!--

    
        
    
    
        
        
        
        
                        
            

-->

                    
                ",['관리자의 승인을 기다리고 있는 댓글입니다[승인 대기중]']
2016. 4. 10. 13:11,"호텔제과제빵학과 교육, 디저트 특성화까지 확대 추세","
                    [미디어펜=김연주 기자]   
지난해 스타 셰프가 방송매체를 외식분야로 달군 반면, 현장에서는 디저트 업체가 외식산업을 달궜다. 최근에는 
식품,  디저트 관련 매출이 늘어나면서 백화점, 대형마트 등은 디저트 브랜드를 유치하기 위해 발 벗고 나섰다. 
 
8일 관련 업계에 따르면, 실제 백화점 디저트 부문 매출이 13~27% 증가했다. 식품 매장에서 가장 많이 팔린 메뉴 역시 모두 
디저트다. 뿐만 아니라 각 백화점·대형마트는 '디저트존', ""파티쉐리존' 등을 꾸리면서 '제멜로', '마리앤마사', '코트도르', '라롬드뺑' 
등 국내는 물론  해외 디저트 매장이 들어서면서 부띠끄 형태의 고급화 전문매장으로 변화하고 있다.

인천문예실용전문학교 제과제빵디저트전공은 
호텔식 제과·제빵은 물론 아티장 스타일의 제빵, 플레이팅 디저트, 쇼콜라티에, 슈가아트, 프랑스·이태리 등 서양 디저트 등 국내 유일 디저트 
아트 전문교육기관으로 평가를 받고 있다./인천문예실용전문학교  이처럼 외식산업이 급부상하는 디저트시장으로 관심이 증폭되면서 파티쉐 꿈꾸는 학생들이 늘어나고, 호텔제과제빵학과 교육이 단순히  
제과제빵에서 멈추는 것이 아니라 디저트 특성화까지 확대되고 있는 추세다.    이런 상황 속에서 (재)인천문예실용전문학교 제과제빵디저트전공은 기존의 여타 교육기관의 호텔제과제빵학과와 다르게 호텔식 제과·제빵에 
 치우친 교육이 아닌 호텔식 제과·제빵은 물론 아티장 스타일의 제빵, 플레이팅 디저트, 쇼콜라티에, 슈가아트, 프랑스·이태리 등 서양 디저트 등 
 국내 유일 디저트 아트 전문교육기관으로 평가를 받고 있다.   뿐만 아니라 디저트와 어울리는 차, 와인, 커피 등 식음료 교육도 함께 진행되고 있어 차별화된 경쟁력을 갖춘 인재를 양성에 박차를 
가하고 있다.  또한 베이커리·디저트 교육에 최적화된 환경을 갖춘 도심형 신축캠퍼스로   이전하면서 현장 베이킹실의 모습을 그대로 재현했으며, 
최신식 설비와  도구가 마련되어 있어 재학생들의 현장적응력과 최첨단 기술을 교육하고 있다.
 현재 이 학교는 지난해 일본의 유명외식잡지인 '음식점경영' 8월호 기획기사에서 요리·디저트·식음료 등 외식산업 관련 우수 인재 양성  
‘세계 대표 교육기관’ 다섯 곳 중 한 곳으로 소개 된 바 있다.  
 
 소개된 교육기관으로는 외식 교육계의 하버드라 불리는 미국의 CIA를 비롯해 코넬대학, 독일의 마에스타, 일본의 도쿄대학원 등이다. 
 한편 인천문예실용전문학교 제과제빵디저트전공은 국내 유일 디저트 아트 전문교육기관으로 일본 동경 제과학교, 프랑스 르꼬르동 블루,  이태리 
I.F.S.E. 등 세계 유명 디저트학교와의 산학협력을 통해 방학하다 해외연수 프로그램을 진행한다. 이를 통해 선진 디저트문화, 트렌드,  기술, 
노하우를 접하면서 국내에서 독보적인 전문 파티쉐를 양성하고 있다. 현재 인천문예실용전문학교는 제과제빵디저트전공에서  2017학년도 신입생을 모집 
중에 있으며, 자세한 모집 일정과 모집 전형은 홈페이지를 통해서 확인이 가능하다.
                                                            
                    
					
                    
    
        

    window.ReactionButtonType = 'reaction';
    window.ReactionApiUrl = '//blog.daum.net/wdf3462/reaction';
    window.ReactionReqBody = {
        entryId: 9824    }

좋아요공감

        
    
        공유하기
    

                
    글 요소

    
        
    
        
            저작자표시비영리변경금지        
    

    <!--

    
        
    
    
        
        
        
        
                        
            

-->

                    
                ",
2013. 11. 12. 10:04," 식품 및 음료 시장 - 냉동 베이커리(Frozen Bakery ), 건강식품 및 건강음료(Health ,Wellness ), 할랄푸드(Halal Food) 시장 동향","
                     







 














































●유기농 식품 및 음료 시장 : 세계의 업계 분석, 규모, 점유율, 성장, 동향 및 예측 Organic Food &amp; Organic Beverages Market - Global Industry Analysis, Size, Share, Growth, Trends and Forecast, 2013 - 2019  more














●세계의 자체브랜드 식품 시장 : 제품 전략의 진화, 소비자 선택, 향후 영향 Evolving Private Label Strategies, Consumer Choices, and the future impact on Food Brands and Private Labels  more














●세계의 할랄푸드(Halal Food) 시장 Global Halal Food Market 2012-2016  more














●세계의 식품 산업 및 농업 성장 동향 분석 Food and Agriculture Global Growth Trends Review  more














●브라질의 베이커리 및 시리얼 시장 : 소비자가 선호하는 제품과 이유 The Brazilian Bakery and Cereals Market: What Consumers Eat and Why?  more














●건강식품 및 건강음료 시장 : 인도네시아 Health and Wellness in Indonesia  more














●세계의 비타민 D 검사 시장 Global Vitamin D Testing Market 2014-2018  more














●세계의 냉동 베이커리 시장 : 유형별(냉동 베이커리, 냉동 피자 크러스트, 냉동 페이스트리, 냉동 케이크 등), 유통 채널별(아티장 베이커, 소매, 케이터링, 공장 등), 지역별 동향과 예측 Frozen Bakery Market by Types (Frozen Breads, Frozen Pizza Crust, Frozen Pastries, Frozen Cakes, Others), Distribution Channels (Artisan Bakers, Retail, Catering &amp; Industrial, Others) &amp; Geography - Global Trends &amp; Forecasts to 2018  more














●중국의 식용 식물유 산업 China Edible Vegetable Oil Industry Report, 2013-2015  more














●세계의 우유 시장, 소비자 및 혁신 경향 Consumer and Innovation Trends in Milk 2013  more














●세계의 냉장식품 및 델리식품 시장 Global Chilled and Deli Food Market 2012-2016  more
  주문 및 문의: koreainfo@gii.co.jp / TEL 02-2025-2992 / http://www.giikorea.co.kr/   



                                                            
                    
					
                    
    
        

    window.ReactionButtonType = 'reaction';
    window.ReactionApiUrl = '//blog.daum.net/giikorea/reaction';
    window.ReactionReqBody = {
        entryId: 2190    }

좋아요공감

        
    
        공유하기
    

                
    글 요소

    
        
    
        
            저작자표시비영리변경금지        
    

    <!--

    
        
    
    
        
        
        
        
                        
            

-->

                    
                ",
